,eng,ipq
0,He go@@ es to bed at ni@@ ght and gets up by day to wor@@ k.,Un@@ nu@@ aà@@ aàikman siñ@@ ik@@ huni su@@ li uvlu@@ à@@ aàikman makit@@ luni sav@@ aaq@@ aqtuq.
1,"He started te@@ ach@@ ing them and sai@@ d, ","Iá@@ i@@ sauti@@ aqsiñiàai nip@@ liq@@ h@@ uni,"
2,The ol@@ de@@ st bro@@ ther m@@ ar@@ ried and di@@ ed having no children. ,Aä@@ a@@ yuk@@ âi@@ q nu@@ li@@ aqtuaq tuq@@ up@@ luni qitunà@@ ait@@ áuni.
3,He saw Putu lying in bed and having a fever. ,Tautuäniàaa Putu nalaruaq uun@@ aqâuktitluni. 
4,"When the sun had already set or, after the sun had set. ",Siqiñiq nipianikhuni. 
5,T@@ hen getting up she began ser@@ ving them food. ,Tav@@ ra m@@ aki@@ tiq@@ huni niq@@ âi@@ u@@ à@@ uti@@ aqsiñiàai
6,Pray at all times. ,Agaayulusri ataramik. 
7,"If anyone thinks that he is standing unshakab@@ l@@ y@@ , ","Kiñapayaaq isrumaniàumi makitaniáuni payaäaiááuni, "
8,Be happy because you have ho@@ p@@ e.,Quviasrugusri takku piqaqtusri niàiukkamik.
9,"He didn't come to be served, but to serve. ","Aggiäitchuq savautipkaàiaàuni, aglaan savautrityaqhuni."
10,He became thankful when they ser@@ ved him food.,Q@@ u@@ y@@ a@@ aqsiruq pa@@ yuk@@ mat@@ ni niqi@@ nik. 
11,The do@@ c@@ tors said that she was going to di@@ e. ,Ta@@ akti@@ t takku tuq@@ uni@@ aàni@@ yaa@@ t. 
12,The child sp@@ ent the day with his grandm@@ other@@ . ,Iá@@ iá@@ g@@ aaq aan@@ aäa@@ n uv@@ l@@ isi@@ r@@ aà@@ ig@@ aa. 
13,People are going to e@@ at here again t@@ on@@ i@@ gh@@ t. ,Iñu@@ ich niàiñi@@ algitchu@@ t m@@ aani an@@ aq@@ av@@ ak@@ . 
14,Miiyuk bab@@ y@@ s@@ at her f@@ ri@@ en@@ d@@ 's chil@@ d. ,Mii@@ yu@@ um paggisigaa iá@@ an@@ n@@ aà@@ mi qitunà@@ aäa. 
15,Putu is st@@ aying h@@ ome with his fa@@ ther@@ .,Putu@@ m paggisigaa aa@@ pa@@ ni.
16,"You asked me@@ , but I have no answ@@ er for you. ",A@@ piq@@ sruà@@ alu@@ aà@@ ik@@ ma k@@ ig@@ gutiksra@@ itch@@ ik@@ p@@ iñ. 
17,He went out again when the day had reach@@ ed about five o@@ '@@ c@@ lo@@ ck in the af@@ ter@@ no@@ on.,A@@ u@@ ll@@ al@@ giññ@@ iqsuq talli@@ man@@ un sa@@ s@@ s@@ aq tikitch@@ uän@@ aqsipman.
18,Putu is going to come here.,Putu tik@@ iññi@@ aqtuq mau@@ äa.
19,You are t@@ r@@ ying to sho@@ w people that you take long as you pra@@ y.,Qiñ@@ iq@@ ti@@ n@@ ni@@ ag@@ aqsiru@@ si taki@@ ru@@ amik agaayu@@ plu@@ si.
20,The man started to app@@ ear from be@@ h@@ ind the house.,Aä@@ un sag@@ vi@@ aqsiruq tupqum tu@@ nu@@ ani@@ ñ.
21,"K@@ a@@ sa@@ ä@@ na@@ al@@ u@@ k@@ , the p@@ re@@ sid@@ ent@@ , is going to tal@@ k t@@ om@@ orrow@@ .","K@@ a@@ s@@ aä@@ naa@@ luk@@ , qau@@ k@@ âiq@@ , uq@@ aàniaqtuq uv@@ la@@ akun."
22,Putu and Miiyuk m@@ et each other in the stor@@ e.,Putu@@ lu Mii@@ yug@@ lu p@@ aaà@@ uti@@ ru@@ k tauqsiàñiaàviä@@ mi@@ .
23,"A@@ s he is so acti@@ ve@@ , he bro@@ ke his ar@@ m as others have d@@ one.",Iñ@@ unäun@@ aqpa@@ g@@ itáuni talli@@ algitchuq.
24,If you give the dog the di@@ sh he will li@@ ck i@@ t.,A@@ atch@@ u@@ àu@@ pk@@ u alu@@ äni@@ aàaa alli@@ ug@@ aq.
25,The man started to see his relatives when he went to chur@@ ch.,Iñuk tautu@@ äni@@ ag@@ aqsiñ@@ iqsuq iá@@ ami@@ ñik agaayy@@ i@@ aq@@ ami@@ .
26,Putu is ex@@ ha@@ u@@ st@@ ed having worked ver@@ y mu@@ ch.,Putu minà@@ uqtu@@ q sav@@ av@@ aa@@ â@@ ak@@ huni.
27,He saw them as they were really working hard row@@ ing.,Qiñ@@ ià@@ niàai s@@ akuu@@ ll@@ a@@ pi@@ aq@@ hutiä ip@@ ut@@ tu@@ at.
28,Go a@@ hea@@ d and work for food that la@@ st@@ s into e@@ ter@@ na@@ l lif@@ e.,Sakuugutiq@@ aà@@ itchi niqi@@ m@@ un ittu@@ k@@ sr@@ amun i@@ sru@@ itchu@@ amun iñuu@@ âià@@ mun.
29,I also follo@@ wed again when he started to lea@@ ve.,Mal@@ il@@ g@@ it@@ mi@@ uäa@@ p@@ tu@@ uq aull@@ a@@ aqsipman.
30,He began d@@ r@@ in@@ king water.,I@@ mi@@ aqsi@@ áá@@ ak@@ tuq i@@ mià@@ mik.
31,He was s@@ le@@ ep@@ ing with the musi@@ c on.,S@@ iñ@@ gu@@ tigi@@ niàaa atuqtuur@@ aqtu@@ aq.
32,"The m@@ other cau@@ ght the pupp@@ y again, I he@@ ar@@ d.",Ik@@ ni@@ á@@ giññià@@ aa tar@@ ra qipmiur@@ aq.
33,M@@ an do@@ es not li@@ ve only by food.,Iñuk iñuuni@@ aäitchuq niqi@@ âhiñ@@ akun.
34,He kno@@ ws that you ne@@ ed these thing@@ s.,Iáisima@@ ru@@ q i@@ n@@ uq@@ sr@@ aqti@@ laa@@ psit@@ ñik tamat@@ k@@ uni@@ äa.
35,There will also be fa@@ m@@ in@@ e.,It@@ kisip@@ mi@@ uq niàisu@@ än@@ aq.
36,Jesus ea@@ ts to@@ ge@@ ther with his disci@@ ple@@ s.,Jesus nià@@ iq@@ at@@ au@@ niqsuq m@@ al@@ iàu@@ aqti@@ mi@@ ñi.
37,He re@@ ma@@ in@@ ed qui@@ et and didn't sa@@ y a th@@ ing.,N@@ i@@ pa@@ i@@ sa@@ aqtuq uq@@ aä@@ itáuni su@@ mik.
38,How happy you are@@ !,Qanu@@ tun q@@ uvia@@ su@@ k@@ tigi@@ vi@@ ch@@ !
39,Why are you coming to me@@ ?,Suvaata utl@@ auti@@ vich uv@@ aä@@ nun?
40,Don't you have any answ@@ er@@ ?,Kig@@ gutiksra@@ iññ@@ iqpi@@ ch?
41,How can you sp@@ ea@@ k to your bro@@ ther@@ ?,Qanu@@ à@@ uv@@ va uq@@ autr@@ iñ@@ iaà@@ niq@@ pich ani@@ q@@ ati@@ up@@ nun?
42,C@@ ome into my house and st@@ ay a wh@@ il@@ e.,U@@ t@@ l@@ auti@@ iñ tup@@ pam@@ ni itch@@ aqtu@@ aàutin.
43,Get up and come here.,M@@ ak@@ it@@ tin uv@@ uä@@ aàutin.
44,M@@ ay he work in you what is ac@@ cep@@ t@@ able to him.,S@@ av@@ ag@@ li@@ su@@ q i@@ li@@ psit@@ ñ@@ i akuqtu@@ y@@ un@@ aqtuami@@ k iämiñ@@ un.
45,Let that man as@@ k without d@@ ou@@ b@@ t@@ ing.,Taamna iñuk iä@@ iq@@ sruà@@ li ar@@ gu@@ aq@@ qu@@ ta@@ ià@@ á@@ ugu@@ .
46,Re@@ j@@ oice when that happen@@ s@@ !,Q@@ uviatch@@ a@@ piaà@@ itchi tam@@ anna atuu@@ mak@@ pa@@ n.
47,Let no one de@@ ce@@ ive hi@@ m@@ self@@ .,Kiña@@ un@@ ni@@ iñ sag@@ lu@@ qi@@ n@@ ani iämiñ@@ ik@@ .
48,We are not to al@@ low ou@@ r old na@@ t@@ ur@@ e to ru@@ le us.,Aä@@ al@@ ati@@ t@@ nat@@ a k@@ aä@@ ià@@ ru@@ aq@@ tam@@ un.
49,Don't associa@@ te with them in thi@@ s.,Piq@@ a@@ sriqsu@@ uti@@ na@@ sri iliä@@ it@@ ñi.
50,Don't st@@ ri@@ ve to have food that per@@ i@@ s@@ hes.,Sakuugutiq@@ aq@@ a@@ sri niqi@@ mik pi@@ un@@ à@@ iqs@@ aqtu@@ amik.
51,Th@@ in@@ k about what you were when you were called that you s@@ hou@@ ld be be@@ li@@ e@@ ver@@ s.,I@@ srum@@ ma@@ tig@@ isi@@ uä q@@ anu@@ sri@@ uti@@ la@@ aq@@ si tuq@@ â@@ ukk@@ auka@@ psi uk@@ piq@@ sriru@@ at@@ qu@@ plu@@ sri@@ .
52,"When s@@ omeone has li@@ t a la@@ mp@@ , he do@@ e@@ s@@ n't place it under a p@@ o@@ t.",Kisu@@ payaa@@ m ik@@ it@@ n@@ ami@@ uä n@@ ani@@ q iá@@ it@@ á@@ ait@@ k@@ aa ataa@@ n@@ un ut@@ ku@@ si@@ um@@ .
53,If you want to have lif@@ e you will o@@ be@@ y the comm@@ an@@ d@@ s.,Iñ@@ uu@@ âiq@@ aà@@ ukk@@ uvich tupi@@ gi@@ yu@@ mag@@ i@@ tin ti@@ ll@@ isi@@ t.
54,If when you sit down on your g@@ l@@ or@@ i@@ ous th@@ r@@ one to be ru@@ l@@ er.,A@@ q@@ uvit@@ k@@ uvich k@@ am@@ an@@ aqtu@@ ami at@@ anà@@ uvi@@ p@@ ni.
55,"If you only want to@@ , you could hea@@ l me.",P@@ isu@@ k@@ siñ@@ aà@@ uvich mami@@ ti@@ âhiñau@@ g@@ ikma@@ .
56,"On@@ c@@ e again, they called the man who had been b@@ or@@ n bl@@ in@@ d.",Tuq@@ âu@@ l@@ giññià@@ aat aäun ani@@ ma@@ ruaq ay@@ au@@ äa@@ plu@@ ni.
57,He saw Putu lying in bed and having a fever.,Tautuäniàaa Putu nalaruaq uun@@ n@@ aqâuktitluni.
58,"When the sun had already set or, after the sun had set.",Siqiñiq nipianikhuni.
59,The thi@@ e@@ f always com@@ es in or@@ der to ste@@ al@@ .,T@@ ig@@ li@@ äniaq@@ t@@ i tikitch@@ aqtuq tig@@ li@@ gi@@ aqhuni.
60,Pray at all times.,Agaayulusri ataramik.
61,If anyone thinks that he is standing unshakab@@ ly,"Kiñapayaaq isrumaniàumi makitaniáuni payaäaiááuni, "
62,"He didn't come to be served, but to serve.",Quviasrugusri takku piqaqtusri niàiukkamik.
63,S@@ orrow@@ ing in God.,"Aggiäitchuq savautipkaàiaàuni, aglaan savautrityaqhuni."
64,"When one he@@ l@@ p@@ s, one follo@@ ws the la@@ w@@ .",A@@ li@@ anni@@ uqtu@@ ni Agaayyu@@ tik@@ un.
65,Go@@ d is with us.,Mal@@ ià@@ ut@@ aksr@@ ak@@ u@@ aàn@@ aqtuq ika@@ yu@@ i@@ ru@@ ni.
66,"Those people will k@@ ill some of them again, as others have d@@ one before the@@ m.",Agaayyutim iq@@ atigi@@ g@@ aatigut.
67,I have war@@ ned you befor@@ e.,T@@ am@@ at@@ kua tuq@@ ut@@ kisi@@ á@@ g@@ itch@@ a@@ ich iáaä@@ i@@ ch.
68,The wi@@ t@@ ne@@ s@@ s@@ es t@@ old us what they have se@@ en@@ .,Ki@@ l@@ ik@@ ki@@ psi sivu@@ ani.
69,F@@ i@@ r@@ st take a@@ way the l@@ ar@@ ge log from your e@@ y@@ e.,Iáisima@@ r@@ auru@@ at uqauti@@ nià@@ aatigu@@ t tautu@@ k@@ k@@ aà@@ mik@@ nik.
70,"F@@ ollo@@ w me and t@@ ou@@ ch her with your han@@ d@@ s, and she will li@@ ve.",S@@ i@@ vu@@ l@@ li@@ ulug@@ u pi@@ iqsi@@ r@@ ruä qi@@ ru@@ g@@ ra@@ itchi@@ aq ir@@ ip@@ ni@@ ñ.
71,"If it is really you@@ , comm@@ and me to come to you on top of the water.",Mal@@ ig@@ lu@@ äa ak@@ si@@ giaà@@ uä ar@@ g@@ aknik iñuu@@ lu@@ ni@@ a@@ si@@ iñ.
72,C@@ an@@ 't you re@@ me@@ mber when I di@@ vi@@ ded five lo@@ a@@ ves o,I@@ l@@ vi@@ u@@ piaà@@ uvich ti@@ liä@@ äa utl@@ aqu@@ lu@@ tin im@@ à@@ um qaaä@@ agun.
73,Be happy because you have ho@@ pe@@ .@@ f b@@ read@@ ?,It@@ q@@ atla@@ it@@ pi@@ si@@ gik av@@ gu@@ qa@@ pk@@ ich talli@@ ma@@ t q@@ aqqi@@ at@@ ?
74,When the disci@@ ple heard the v@@ oice they bo@@ wed to the g@@ rou@@ n@@ d.,Maliàu@@ aqtit tu@@ sa@@ ak@@ ami@@ t@@ ruä nip@@ i p@@ un@@ niqsu@@ t nun@@ am@@ un.
75,If you had li@@ st@@ en@@ ed to me before you p@@ us@@ h@@ ed of@@ f C@@ re@@ t@@ e.,N@@ aal@@ aàni@@ gu@@ psit@@ äa ay@@ a@@ su@@ äaq@@ a@@ si C@@ r@@ e@@ t@@ e@@ -@@ miñ@@ .
76,"If you are really the son of Go@@ d, j@@ u@@ m@@ p of@@ f@@ !",I@@ à@@ ñià@@ i@@ pi@@ aqpa@@ tin Agaayyutim n@@ uti@@ giaà@@ iñ.
77,R@@ ac@@ he@@ l c@@ ried for her [@@ ow@@ n@@ ] children.,R@@ a@@ ch@@ e@@ l@@ -@@ ä@@ um qi@@ ani@@ à@@ ai qitunà@@ aur@@ ani.
78,C@@ oun@@ t the n@@ u@@ mber of those who are pra@@ ying there.,K@@ isi@@ áá@@ u@@ gi@@ ch iñu@@ gi@@ akti@@ laa@@ ä@@ at taa@@ pkua agaayu@@ ru@@ at tar@@ ani.
79,Why are they working to@@ da@@ y@@ ?,Suvaata iliä@@ ich sav@@ ak@@ pa@@ t ug@@ lu@@ vak@@ ?
80,He ta@@ u@@ ght by me@@ ans of par@@ ab@@ le@@ s.,I@@ laan iái@@ sauti@@ niàai at@@ r@@ ik@@ u@@ sauti@@ tig@@ un.
81,He who has will rece@@ ive m@@ or@@ e.,I@@ la@@ a piq@@ aqtuaq akuqtu@@ ll@@ aaà@@ isi@@ ruq.
82,"It is I@@ , don't be af@@ ra@@ i@@ d.","Uv@@ aä@@ auru@@ äa@@ , iq@@ siñ@@ a@@ si."
83,How will we rec@@ o@@ g@@ ni@@ z@@ e when all of those [@@ thing@@ s@@ ] are be@@ g@@ in@@ ning to happen@@ ?,Iá@@ itchu@@ à@@ ig@@ isi@@ vi@@ s@@ a iluq@@ aà@@ mi@@ ä tamatkua atuuma@@ aqsi@@ k@@ p@@ at@@ a?
84,"Th@@ rough his d@@ ea@@ th@@ , he rec@@ on@@ c@@ il@@ ed bo@@ th of them with God.",Tuq@@ u@@ âiàmi@@ gun iá@@ auraaà@@ i@@ ik@@ si@@ tlu@@ gik i@@ lu@@ qa@@ aknik Agaayyu@@ t@@ mun.
85,When we all were b@@ a@@ p@@ ti@@ z@@ ed,Ilu@@ qapta pa@@ p@@ ta@@ akk@@ auka@@ p@@ ta
86,"If your whole body is light, without any part being dark","Iluqani timin qaummaaàikpan, iáaäa taaqtuamiisuäaqani"
87,E@@ ach of you w@@ ould l@@ oo@@ se@@ n his d@@ on@@ ke@@ y from his place on the day of re@@ st@@ .,Ilu@@ qap@@ si pi@@ tu@@ ià@@ ay@@ aàaa nat@@ mak@@ ti@@ ni i@@ naa@@ niñ minà@@ u@@ iqsi@@ aàvi@@ um uvlu@@ ani.
88,He will h@@ on@@ or you in f@@ r@@ on@@ t of all the on@@ es who were in@@ vi@@ ted.,K@@ am@@ ag@@ ig@@ isig@@ aa@@ tin sivu@@ à@@ aat@@ ni iluq@@ ati@@ ä ai@@ yug@@ a@@ akk@@ auru@@ at.
89,S@@ ome of them have come from af@@ ar@@ .,Iá@@ aä@@ ich agg@@ ià@@ ñ@@ iqsu@@ t uäa@@ si@@ k@@ su@@ ami@@ ñ.
90,If any person te@@ mp@@ ts any of these to si@@ n,Ki@@ a iñu@@ um ki@@ l@@ luq@@ s@@ aqu@@ sa@@ aqpa@@ gu iáaä@@ at mak@@ ua
91,"If your whole body is light, without any part being dark","Iluqani timin qaummaaàikpan, iáaäa taaqtuamiisuäaqani"
92,R@@ i@@ ght here among you si@@ tting with me the one who is going to give me a@@ way.,Iáa@@ psi@@ -@@ s@@ amma aqu@@ p@@ piq@@ ati@@ ma qa@@ iññ@@ iaà@@ aa@@ äa.
93,On@@ ly the F@@ a@@ ther de@@ ci@@ d@@ es the time of its happen@@ ing.,A@@ a@@ pa@@ a kisi@@ mi si@@ v@@ un@@ nià@@ isigaa q@@ ak@@ ugu@@ n atuuma@@ â@@ iksr@@ aäa.
94,You are not going to be f@@ ree ex@@ cep@@ t i@@ f you p@@ ay what you o@@ we to him.,A@@ ni@@ yu@@ miñ@@ ai@@ pi@@ aqtu@@ tin kisi@@ ani@@ k ak@@ iái@@ ig@@ uvich ak@@ iq@@ sru@@ uti@@ p@@ nik i@@ laa@@ n@@ un.
95,If you love only those who love you.,Piq@@ pa@@ gi@@ gu@@ psi@@ gik kisi@@ it@@ ñik tamatkua piq@@ pak@@ sri@@ g@@ ik@@ ka@@ si.
96,The disci@@ pl@@ es came to Jesus pri@@ v@@ a@@ te@@ ly and asked him,Maliàu@@ aqta@@ iñ utl@@ aä@@ nià@@ aat Jesus kisip@@ q@@ uq@@ hutiä a@@ piq@@ sru@@ q@@ âu@@ gu
97,H@@ ere is your coffe@@ e.,Uv@@ va kuukpi@@ aksr@@ an@@ .
98,Please place my ho@@ t be@@ ver@@ a@@ ge right here.,Uv@@ uäa iá@@ iá@@ lau@@ ä yu@@ uq@@ aksr@@ aàa.
99,Please bring your se@@ w@@ ing pro@@ j@@ e@@ ct over here.,Uv@@ uäauti@@ llaguä taa@@ mna ki@@ ll@@ ai@@ yaa@@ n.
100,"That one is my s@@ on@@ , who is sm@@ ar@@ t.",Tavr@@ ataa@@ mna ià@@ ñià@@ a p@@ uq@@ ik@@ su@@ aq.
101,F@@ rom there he went to S@@ i@@ su@@ al@@ i@@ k.,Tavr@@ akäa aull@@ aqtuq S@@ isu@@ al@@ iä@@ mun.
102,Don't trave@@ l through that sha@@ l@@ low water.,Ik@@ k@@ atu@@ akun t@@ av@@ ru@@ un@@ aaà@@ niaà@@ itchi@@ .
103,This child is qui@@ te acti@@ ve again around here.,M@@ ar@@ ra m@@ anna iñ@@ unäun@@ algitchuq.
104,The boat is coming in this di@@ rec@@ ti@@ on.,U@@ mi@@ aq mauä@@ atm@@ un aggiqsaaqtuq.
105,I f@@ ind li@@ ving here to be war@@ m.,M@@ aani iñuuniaqtu@@ ni it@@ ra@@ iñiqsuq.
106,One can hea@@ r the s@@ ound of the big boat in the di@@ stan@@ c@@ e.,I@@ mma tusr@@ aàn@@ aqsi@@ aqsiruq umi@@ aq@@ pak@@ .
107,"Re@@ me@@ m@@ ber@@ , you said that at the t@@ ri@@ a@@ l at that time.",Uq@@ aà@@ ugu@@ uti@@ n im@@ ani uq@@ aqsi@@ ta@@ aq@@ mat@@ a.
108,It has been getting c@@ old for a long time.,T@@ ai@@ m@@ akäaq@@ aä@@ a it@@ r@@ iá@@ iàu@@ uniqsu@@ aq.
109,The door@@ ke@@ ep@@ er is standing near the entranc@@ e.,Ug@@ ga ta@@ lu@@ liq@@ ir@@ i qich@@ aqtuq.
110,When we entered we always st@@ ood near the door.,Taugg@@ ani isi@@ qapta qich@@ aà@@ aqtugut.
111,He walked up from near the entranc@@ e to s@@ ing.,Taugg@@ akäaqsa@@ aqtuq atu@@ ài@@ aqhuni.
112,Someone coming in is making noise in the ent@@ r@@ y@@ way.,S@@ akma isià@@ ni@@ aqtuaq iñ@@ uk@@ srularuq.
113,T@@ a@@ ke the seal o@@ il out into the stor@@ m ent@@ ry.,Sakm@@ uäa ani@@ llaguä uq@@ sru@@ q.
114,Someone is knocking re@@ p@@ ea@@ te@@ d@@ ly on the door out there.,Sakm@@ ani s@@ akma katch@@ ala@@ ruq.
115,That one across there wants to come to this side.,Ik@@ ka it@@ ña ik@@ aaà@@ uk@@ tuq.
116,He worked h@@ ar@@ d@@ /@@ long to go across the river.,I@@ tch@@ uäatm@@ uä@@ niaà@@ at@@ aà@@ niqsu@@ q@@ tar@@ r@@ a.
117,My grandmother li@@ ved across the river.,A@@ an@@ aga itch@@ aniaä@@ ani iñuuniaqtu@@ à@@ li@@ .
118,The pupp@@ i@@ es are run@@ ning around across there.,Ag@@ ga qipmiur@@ at pa@@ ä@@ al@@ ik@@ kat@@ aur@@ aqtut.
119,He sa@@ un@@ tered across to the other side.,A@@ uäaq@@ s@@ aaà@@ ura@@ aqtuq suka@@ iái@@ p@@ áuni.
120,He is walking on the trail on the o@@ pp@@ o@@ si@@ te side.,T@@ umi@@ tch@@ aur@@ akun a@@ unna@@ aq@@ saaqtuq.
121,The children m@@ ust have gone to pl@@ ay across there.,Ak@@ ma iá@@ aa@@ lugru@@ ich anni@@ iqs@@ au@@ à@@ iaà@@ uk@@ naqtut.
122,They have come from the s@@ ch@@ oo@@ l that is across there.,Ak@@ m@@ akäa ag@@ l@@ ag@@ viä@@ mi@@ ñ ik@@ aal@@ giññ@@ iqsut.
123,"D@@ a@@ u@@ gh@@ ter@@ , di@@ d you come from across there by you@@ r@@ self@@ ?","Pani@@ iä@@ , akm@@ akäaq@@ pich kisi@@ vich?"
124,I wonder who that visit@@ or is over there.,Kisu@@ uniq@@ pa@@ -tai iñña ig@@ la@@ aq.
125,"My de@@ ar@@ , pl@@ ea@@ se bring my berries from right over there.","I@@ iyaa@@ ä@@ , iñakä@@ auti@@ lau@@ ä@@ -@@ tuq asri@@ aksr@@ auti@@ ga"
126,He entered right th@@ ou@@ gh there.,I@@ si@@ llak@@ tuq iñu@@ un@@ a.
127,He is walking to the stor@@ e over there.,A@@ vva pisruktu@@ aqtuq tauqsiàñiaàviä@@ mun.
128,The c@@ ou@@ ple is making its way from over there.,T@@ uv@@ aaq@@ atigi@@ i@@ k av@@ akäaqsa@@ aqtu@@ aà@@ ura@@ aq@@ nià@@ su@@ k.
129,I a@@ m going on a sh@@ or@@ t visi@@ t over there.,A@@ v@@ uäaq@@ ataa@@ llak@@ sa@@ aqsiru@@ äa.
130,They are singing in the chur@@ ch over there.,A@@ mma agaayy@@ uv@@ iä@@ mi atu@@ uraaqtut.
131,Did you just come from over there?,A@@ m@@ akä@@ aqti@@ qpi@@ ch@@ uv@@ v@@ a.
132,B@@ ring this fish over there.,Qalu@@ k una am@@ uäauti@@ uä!
133,D@@ o you see the caribou back there?,Qiñ@@ iqpi@@ uä tut@@ t@@ u piññ@@ a?
134,He came qu@@ ickly from over there.,Q@@ il@@ ak@@ mik p@@ iñakä@@ aqtiqtuq.
135,Don't cli@@ m@@ b through back there.,P@@ iñu@@ una mayuà@@ ni@@ aqnak.
136,The caribou are coming back there.,Pav@@ va tut@@ tu@@ t aggi@@ aqsiñ@@ iqsut.
137,The m@@ oo@@ se ma@@ y have gone through back there.,T@@ i@@ ni@@ ik@@ aq pa@@ vu@@ unna@@ aqpaluk@@ tuq.
138,B@@ er@@ ries are back there in certa@@ in sp@@ o@@ ts.,A@@ sri@@ at@@ -@@ gu@@ uq pam@@ ma pa@@ v@@ ani.
139,One can ent@@ er through the bac@@ k.,I@@ sià@@ n@@ aqtuq pam@@ aniaä@@ agun.
140,"A@@ f@@ ter ca@@ t@@ ching fi@@ sh@@ , he came from back there.",Qalu@@ äniaq@@ qa@@ aq@@ huni pamakä@@ aà@@ niqsuq.
141,They brought the d@@ ried fish from back there.,Pani@@ ktut pamakä@@ aut@@ l@@ ià@@ niàaich.
142,The pa@@ st@@ or is p@@ reach@@ ing inside.,Ki@@ vva agaayu@@ liq@@ si qu@@ li@@ aqtu@@ aqtuq.
143,"When they ce@@ le@@ b@@ ra@@ te Christma@@ s, the tree is way inside.",Agaayu@@ niq@@ pakm@@ at@@ a napaaqtuq ki@@ v@@ ani@@ it@@ t@@ aqtuq.
144,A man r@@ ac@@ ing with a dog t@@ ea@@ m is coming from upriver.,Qav@@ va uni@@ aà@@ aq@@ autr@@ aqtuaq aggiqsaaqtuq.
145,V@@ i@@ si@@ tors are coming from upriver.,I@@ g@@ laa@@ t qav@@ akäaqsa@@ aqtut.
146,People are de@@ c@@ or@@ a@@ ting inside d@@ ur@@ ing Christma@@ s.,P@@ iññ@@ aqu@@ sriqsu@@ à@@ aat qav@@ uuna agaayu@@ niq@@ pa@@ âiàmi@@ .
147,"The old woman is cooking in@@ sid@@ e@@ , they sai@@ d.",Qam@@ mag@@ uu@@ q a@@ aqu@@ aksr@@ aatch@@ auraq nik@@ ni@@ aqtuq.
148,Perhaps her h@@ us@@ b@@ and is inside t@@ oo@@ .,Qam@@ ani aä@@ ut@@ aat it@@ paluk@@ miuq.
149,Did you just come from in there?,T@@ atq@@ am@@ akäaq@@ ami@@ qpi@@ ch?
150,The little ra@@ b@@ bi@@ t is ea@@ ting out there.,Kig@@ ga uk@@ alli@@ ur@@ aq niài@@ ur@@ aqtuq.
151,Please take my s@@ ac@@ k to the outside.,Ki@@ uäa anni@@ si@@ ll@@ au@@ ä pu@@ uk@@ at@@ aàa.
152,They are tal@@ king to each other out there.,Uq@@ q@@ aaà@@ ir@@ algitchu@@ k ki@@ ani.
153,People are b@@ us@@ y again out there.,Q@@ agga iñu@@ ich ittu@@ anà@@ iá@@ gitchu@@ t.
154,The bir@@ ds are visi@@ b@@ le out there.,T@@ at@@ qaa@@ ni tiämiur@@ at tautu@@ än@@ aàu@@ uniqsu@@ t.
155,It appears that he walked through de@@ e@@ p snow out there.,Qa@@ una mau@@ g@@ all@@ aä@@ niqsuq.
156,She heard foo@@ t@@ ste@@ ps c@@ run@@ ching in the snow outside.,Q@@ akma q@@ ik@@ ià@@ aqpaluk@@ t@@ aqtuaq tusr@@ aaà@@ aa.
157,Get fi@@ re@@ w@@ ood from outside.,Q@@ akm@@ akäa qi@@ r@@ ru@@ k@@ si@@ áá@@ ag@@ in.
158,L@@ ook at that in@@ se@@ ct down there.,Kanna qu@@ pi@@ l@@ àu@@ q aatch@@ ig@@ aa@@ ä@@ !
159,Someone t@@ ook my ber@@ r@@ y b@@ as@@ k@@ et down there.,K@@ an@@ uäauti@@ g@@ aa ai@@ mm@@ aà@@ aa.
160,He sho@@ wed up through down there.,T@@ ak@@ an@@ uuna nu@@ i@@ s@@ aa@@ llak@@ tuq.
161,One can see seal h@@ unters down there.,Unna n@@ atch@@ iàñi@@ aqtu@@ at q@@ iñ@@ ià@@ naqtut.
162,H@@ unters for be@@ ar@@ ded seal are trave@@ l@@ ing to@@ w@@ ard the o@@ ce@@ an.,Ug@@ ru@@ äni@@ aqtit un@@ uäatm@@ uk@@ sa@@ aqtut.
163,They are playing down there.,Ta@@ unani aà@@ ài@@ un@@ aqtut.
164,That one down there wants to go upriver al@@ read@@ y.,S@@ amma s@@ amna qav@@ uä@@ aàu@@ li@@ ani@@ á@@ gitchuq.
165,They in@@ su@@ la@@ te under the house.,S@@ am@@ akä@@ aa@@ niñ tupi@@ q uq@@ uq@@ s@@ aà@@ aa@@ t.
166,I wonder where the fly up there came f@@ ro@@ m.,Pik@@ ka nuvii@@ v@@ a@@ k nak@@ ik@@ ä@@ atai nu@@ iá@@ giññ@@ iqsuq.
167,Perhaps it came in through the st@@ o@@ ve@@ p@@ i@@ p@@ e from up there.,Pik@@ akäa pu@@ yuà@@ v@@ ik@@ k@@ un isi@@ q@@ paluk@@ tuq.
168,"That big fly is b@@ u@@ z@@ zing around up there@@ , to my dis@@ ma@@ y.","P@@ agga nuvii@@ vak@@ pa@@ k tiämi@@ raq@@ at@@ aqtu@@ q@@ , n@@ an@@ aa."
169,The big plan@@ es always fly way up hi@@ gh@@ .,Tiä@@ mi@@ su@@ uti@@ q@@ pa@@ ich pa@@ una tiämiur@@ aaà@@ uu@@ ru@@ t.
170,I wonder what fe@@ ll from up there.,P@@ a@@ akäa su@@ atai kat@@ aä@@ niq@@ pa?
171,The ra@@ ven on top of the house is ca@@ w@@ ing.,T@@ ulug@@ aq p@@ akma tupqum qaaä@@ ani q@@ al@@ à@@ uq@@ tuq.
172,Jesus is going to come down from hea@@ ven some da@@ y.,Jesus atq@@ aàniaqtuq pakm@@ akäa iá@@ aat@@ ni@@ gu.
173,Let us thin@@ k hea@@ ven@@ war@@ d.,P@@ akm@@ uäatm@@ un isrum@@ aur@@ aàni@@ aqta@@ .
174,P@@ ut a b@@ an@@ da@@ ge on his ar@@ m.,U@@ na talli@@ ag@@ un mami@@ t@@ all@@ ag@@ uä!
175,"I le@@ ar@@ ned to sing through these p@@ eo@@ ple@@ , my associa@@ te@@ s.",Iáa@@ pk@@ un uk@@ un@@ uuna atu@@ tla@@ sriru@@ äa.
176,You are sm@@ all@@ er than this one.,U@@ um@@ akäa mik@@ it@@ lu@@ ä@@ niqsu@@ ti@@ n.
177,That one dog lo@@ ves to ea@@ t.,Taamna qipmiq niàisu@@ uruq.
178,He gets food from those tw@@ o@@ .,Taa@@ pk@@ uän@@ akäa niqiksr@@ a@@ ru@@ a@@ ruq.
179,He b@@ ar@@ ks like those do@@ g@@ s.,Taa@@ pkun@@ atitun q@@ iá@@ ugu@@ uruq.
180,That woman is a hard wor@@ k@@ er.,M@@ anna aàn@@ aq sav@@ vak@@ tu@@ â@@ all@@ aktuq.
181,She is not like others around here.,A@@ tla@@ tun mat@@ k@@ un@@ atitun i@@ nà@@ itchu@@ q.
182,We u@@ su@@ ally pic@@ k c@@ l@@ ou@@ d@@ berries from around here.,M@@ arrumakäa aq@@ pi@@ ä@@ ñiaà@@ aqtugut.
183,I wonder what happen@@ ed to my com@@ p@@ an@@ i@@ on.,Iá@@ aq@@ ati@@ ga im@@ ña su@@ llak@@ pa@@ -ta@@ i@@ .
184,It is amazing that people ha@@ ven@@ 't come to visit!,Ipchunani iñuäni iññiatla@@ ir@@ ru@@ qtu@@ g@@ alukkut.
185,It is amazing that people don't come to visit!,Ipchunani iñuäni iññiatla@@ itch@@ alukkut.
186,We a@@ te at the place where we pic@@ ked blue@@ ber@@ ri@@ e@@ s.,I@@ vrum@@ ani asri@@ aàni@@ aàvi@@ p@@ tik@@ ni niàiñi@@ aqtugut.
187,Let the person near the door sit dow@@ n.,U@@ ä@@ na iñuk aq@@ uvit@@ ti@@ l@@ lu@@ gu.
188,Go out with the one near the door.,Ug@@ rumuuna ani@@ ñi@@ ur@@ aàin.
189,It appears the person knocking outside is un@@ able to come in@@ .,S@@ akimna katch@@ ak@@ tuq@@ tu@@ aq isi@@ tla@@ ià@@ uknaqtuq.
190,Don't star@@ t han@@ g@@ ing out with that one there.,S@@ aki@@ v@@ ru@@ miäa m@@ all@@ iàñi@@ aqnak.
191,I wonder about the na@@ me of the man across there.,Ik@@ ña aäun ki@@ mik-tai ati@@ q@@ aqpa@@ .
192,C@@ ould you get some coffe@@ e from those two across there?,Ich@@ i@@ gu@@ än@@ akäa kuukpi@@ ak@@ sri@@ al@@ la@@ âhiñau@@ vich?
193,She wants to have a house like that one across there.,Ik@@ sru@@ matun tu@@ piq@@ aàu@@ l@@ iqsuq.
194,The l@@ and across there is bea@@ u@@ ti@@ ful.,Aä@@ na n@@ una piññ@@ ak@@ naqtuq.
195,It is d@@ an@@ g@@ er@@ ous in the f@@ o@@ re@@ st across there.,Ag@@ rum@@ ani tik@@ iq@@ q@@ ami nu@@ yu@@ aà@@ naqtuq.
196,She is walking al@@ ong the pa@@ th across there.,Ag@@ rumuuna tumitchiakun pisru@@ k@@ saaqtuq.
197,I@@ s my grandmother across there in g@@ ood he@@ al@@ th@@ ?,Aki@@ mna aan@@ aga nak@@ uu@@ g@@ alu@@ aqpa@@ ?
198,I rece@@ i@@ ved a le@@ tt@@ er from my relatives across there.,Aki@@ pkunakäa iá@@ am@@ niñ tu@@ yu@@ sriaq@@ aqtu@@ äa.
199,That one over there is making f@@ ac@@ es again@@ .,Iñ@@ ña iq@@ umi@@ r@@ aaà@@ ur@@ algitchuq.
200,A@@ ll of a su@@ d@@ de@@ n she wants to l@@ ook like them over there.,Ich@@ uä@@ nak@@ tun q@@ iññ@@ aq@@ aàu@@ liq@@ si@@ qtuq.
201,I wonder what the man walking over there f@@ oun@@ d.,Amna pisruktu@@ aqtuaq su@@ mik-tai paq@@ itch@@ iáá@@ ak@@ pa?
202,He le@@ f@@ t with those who are going for a wal@@ k.,A@@ pkun@@ uuna pisruktu@@ aqtu@@ ati@@ gun aull@@ aq@@ miuq.
203,My un@@ c@@ le over there is pro@@ bab@@ ly h@@ un@@ g@@ ry.,Amna aä@@ atch@@ iaàa niàisu@@ k@@ paluk@@ tu@@ aq.
204,He went to get fish from those two over there.,A@@ pkunakäa qa@@ luk@@ sri@@ aqtiqtuq.
205,The tree back there is tal@@ l.,P@@ iñña napaaqtuq taki@@ niqsuq.
206,He entered through the door back there.,P@@ ir@@ rumuuna ta@@ luk@@ un isi@@ qtuq.
207,There are cran@@ berries on the hi@@ ll back there.,Pamna qi@@ mià@@ aaq k@@ ik@@ miñ@@ iq@@ aqtuq.
208,He started making a ro@@ a@@ d back there.,Pav@@ rumuuna tumitchi@@ al@@ ig@@ aqsiñ@@ iqsuq.
209,This time there are no berries back there at the place about wh@@ ic@@ h they us@@ ed to tal@@ k.,Pamna uqauti@@ gi@@ sru@@ ukk@@ aä@@ at asri@@ aäitchuq m@@ aat@@ n@@ a.
210,I f@@ ound blue@@ berries back there.,Pav@@ rumakäa paq@@ itchi@@ ru@@ äa asri@@ av@@ iä@@ nik.
211,The one in there singing became j@@ o@@ y@@ ful.,Ki@@ m@@ ña atuqtu@@ at q@@ uviatch@@ aktuq.
212,Those musi@@ ci@@ ans inside are all sm@@ il@@ ing.,Ki@@ pch@@ ua atuqtuur@@ aqtit ig@@ l@@ aä@@ aaàik@@ su@@ t.
213,Those st@@ ill upriver are coming on a log ra@@ f@@ t.,Qa@@ pkua umi@@ aà@@ luk@@ tu@@ at aggi@@ uraaqtut.
214,S@@ er@@ ve some food to those upriver who che@@ ck the ne@@ ts.,Qa@@ pkun@@ uäa k@@ uv@@ raq@@ sru@@ qtu@@ anun pa@@ yu@@ llak@@ ti@@ ài@@ n niqiksr@@ aä@@ at@@ nik.
215,The one cooking in there is making noise with dis@@ hes.,Q@@ amna nik@@ ñi@@ aqtuaq p@@ ugu@@ t@@ aq@@ srularuq.
216,Perhaps your sp@@ ouse inside is ready to c@@ all us.,Qav@@ ruma iá@@ aq@@ at@@ vich tuq@@ âu@@ y@@ asri@@ v@@ aluk@@ k@@ aatigu@@ k.
217,My plan@@ t out there certa@@ in@@ ly g@@ re@@ w n@@ ic@@ e@@ l@@ y.,K@@ iä@@ ña nau@@ tch@@ iaàa nau@@ â@@ ani@@ aqtuq.
218,We are thankful for the sha@@ de that tree out there pro@@ vi@@ de@@ s.,Kig@@ ruma napaaqtum t@@ aà@@ à@@ isi@@ m@@ auraaà@@ lu@@ à@@ aatigut.
219,The are@@ a outside the house is c@@ le@@ an.,Q@@ aäna tupqum si@@ á@@ at@@ aa sa@@ lu@@ ma@@ ruq.
220,Q@@ u@@ ickly go around the house on the trail out there.,Q@@ ag@@ rumuuna tumitchiakun k@@ ai@@ v@@ r@@ aati@@ q@@ saàin.
221,It sounds like the dog has come into the p@@ or@@ ch.,Q@@ akimna qipmiq q@@ ani@@ s@@ anun isià@@ uknaqtuq.
222,He is playing among the children out there.,Q@@ aki@@ pkun@@ ani iyaa@@ lugru@@ aà@@ ni qi@@ tik@@ tu@@ aqtuq.
223,That one down there is lo@@ ad@@ ing the bo@@ a@@ t.,Kanna umi@@ ami ik@@ sru@@ i@@ ruq.
224,S@@ e@@ e that you get some m@@ on@@ e@@ y from you da@@ d down there.,K@@ arrumakäa taa@@ ta@@ p@@ niñ m@@ anik@@ sriaq@@ saàin.
225,The one c@@ ros@@ sing down there is stru@@ tt@@ ing.,Unna ika@@ aqtuaq pisru@@ vi@@ ur@@ aal@@ gitchuq.
226,Go and get ma@@ t@@ che@@ s from your ol@@ der si@@ ster down there.,U@@ r@@ rumakäa aaq@@ aur@@ ak@@ niñ pisruktu@@ ami@@ ñ ik@@ uti@@ k@@ sri@@ aàin.
227,I as@@ su@@ me there is a m@@ ouse under the house.,S@@ amna av@@ iññ@@ auraq tupqum ataa@@ ni@@ itch@@ uknaqtuq.
228,They brought the b@@ un@@ d@@ le of fish from those people down there.,I@@ q@@ mak@@ ta@@ t pa@@ ni@@ ktut sa@@ pkunakäa mauä@@ auti@@ âuaà@@ niàaich.
229,A tree s@@ qui@@ r@@ re@@ l is cli@@ mb@@ ing to the ti@@ p of the tree up there.,Pik@@ ña s@@ aq@@ al@@ at@@ aay@@ i@@ q mayuà@@ niqsuq napaaqtum n@@ uv@@ u@@ an@@ un.
230,She was stru@@ ck by the bea@@ ut@@ y of the tree to@@ pp@@ er up there.,Pik@@ sru@@ miäa uvlu@@ ài@@ aä@@ ä@@ u@@ amik piññ@@ aqqi@@ ak@@ l@@ aktuq.
231,That little plan@@ e up there is fa@@ ster than ex@@ pe@@ c@@ ted.,P@@ aäna tiämi@@ su@@ ug@@ auraq suka@@ âuaà@@ niqsuq.
232,"W@@ ow@@ , I wi@@ sh I could fly like that cran@@ e up there.",Tiä@@ miur@@ aaà@@ v@@ iksr@@ aq pa@@ g@@ ru@@ matun ta@@ ti@@ r@@ g@@ atu@@ n.
233,It sounds like i@@ t@@ 's getting ready to th@@ under up there.,P@@ akimna kat@@ ru@@ l@@ ani@@ ag@@ aqsip@@ ma@@ tu@@ n.
234,The little bir@@ d ma@@ de a ne@@ st in that place up there.,P@@ aki@@ vrum@@ uäa tiämiur@@ aq uvlu@@ u@@ sri@@ iñiqsuq.
235,,
236,,
237,,
